Reference Number,Certificate Number,NAME,Designation,Institute,Workshop Orgeniser,Workshop Name,Workshop Date,Profile Photo,Verify URL,QR Code URL
MTIzNDU2SXNodGl5YXEgSHVzYWluNDQwMDc=,123456,Ishtiyaq Husain,Professor,"Chaitanya Bharathi Institute of Technology, Hyderabad",Indian Institute of Technology Bombay,Effective and Efficient Online Teaching,25-Jun-20,,https://lessons4you.info/verify/?rid=MTIzNDU2SXNodGl5YXEgSHVzYWluNDQwMDc=,https://chart.googleapis.com/chart?cht=qr&chl=https%3A%2F%2Flessons4you.info%2Fverify%2Favatar%2Favatar_01.jpg&chs=200x200
MTIzNDU3U2hpdiBLdW1hciBTaW5naDQ0MDA4,123457,Shiv Kumar Singh,Assistance Professor,University of Delhi,Indian Institute of Technology Bombay,Effective and Efficient Online Teaching,26-Jun-20,https://www.sketchappsources.com/resources/source-image/profile-illustration-gunaldi-yunus.png,https://lessons4you.info/verify/?rid=MTIzNDU3U2hpdiBLdW1hciBTaW5naDQ0MDA4,https://chart.googleapis.com/chart?cht=qr&chl=https%3A%2F%2Flessons4you.info%2Fverify%2F%3Frid%3DMTIzNDU3U2hpdiBLdW1hciBTaW5naDQ0MDA4&chs=200x200
MTIzNDU4U2FtZWVyIEFobWFkNDQwMDk=,123458,Sameer Ahmad,Research Engineer,Indian Institute of Technology Guwahati (IITG),Indian Institute of Technology Bombay,Effective and Efficient Online Teaching,27-Jun-20,https://lessons4you.info/verify/avatar/avatar_02.jpg,https://lessons4you.info/verify/?rid=MTIzNDU4U2FtZWVyIEFobWFkNDQwMDk=,https://chart.googleapis.com/chart?cht=qr&chl=https%3A%2F%2Flessons4you.info%2Fverify%2Favatar%2Favatar_02.jpg&chs=200x200
MTIzNDU5R2F1cmF2IEt1bWFyIFNpbmdoNDQwMTA=,123459,Gaurav Kumar Singh,Professor,University of Calcutta,Indian Institute of Technology Bombay,Effective and Efficient Online Teaching,28-Jun-20,https://i.stack.imgur.com/34AD2.jpg,https://lessons4you.info/verify/?rid=MTIzNDU5R2F1cmF2IEt1bWFyIFNpbmdoNDQwMTA=,https://chart.googleapis.com/chart?cht=qr&chl=https%3A%2F%2Flessons4you.info%2Fverify%2F%3Frid%3DMTIzNDU5R2F1cmF2IEt1bWFyIFNpbmdoNDQwMTA%3D&chs=200x200
